,cap,dim,rad,mean_cap,center_corr,K,EVD90,PR,P,M,N,layer,seed,model,manifold_type,eps,eps_step,max_iter,random
0,0.07448345522546483,22.78765603767383,1.1778079299228055,0.056851838230248364,0.4100333707205787,1,147,29.851463367436892,10,50,2000,1.conv1,0,CIFAR_ResNet18,class,0.00392156862745098,0.000980392156862745,16,False
1,0.05450788290784576,28.803087118566907,1.3062723939494711,0.056851838230248364,0.4100333707205787,1,147,29.851463367436892,10,50,2000,1.conv1,0,CIFAR_ResNet18,class,0.00392156862745098,0.000980392156862745,16,False
2,0.04776906019831975,31.228924203228463,1.459403922309553,0.056851838230248364,0.4100333707205787,1,147,29.851463367436892,10,50,2000,1.conv1,0,CIFAR_ResNet18,class,0.00392156862745098,0.000980392156862745,16,False
3,0.06086453263890806,26.84907863306087,1.2537849762234723,0.056851838230248364,0.4100333707205787,1,147,29.851463367436892,10,50,2000,1.conv1,0,CIFAR_ResNet18,class,0.00392156862745098,0.000980392156862745,16,False
4,0.05519338857937209,27.680701713710555,1.2870566162866715,0.056851838230248364,0.4100333707205787,1,147,29.851463367436892,10,50,2000,1.conv1,0,CIFAR_ResNet18,class,0.00392156862745098,0.000980392156862745,16,False
5,0.05884324790093101,27.055050355955544,1.2497849109058496,0.056851838230248364,0.4100333707205787,1,147,29.851463367436892,10,50,2000,1.conv1,0,CIFAR_ResNet18,class,0.00392156862745098,0.000980392156862745,16,False
6,0.053153363238638056,29.000673284482616,1.2829272322433063,0.056851838230248364,0.4100333707205787,1,147,29.851463367436892,10,50,2000,1.conv1,0,CIFAR_ResNet18,class,0.00392156862745098,0.000980392156862745,16,False
7,0.055984478505947566,27.943996985602215,1.2728143339504236,0.056851838230248364,0.4100333707205787,1,147,29.851463367436892,10,50,2000,1.conv1,0,CIFAR_ResNet18,class,0.00392156862745098,0.000980392156862745,16,False
8,0.05885101863764489,26.732864190770695,1.3521253734616454,0.056851838230248364,0.4100333707205787,1,147,29.851463367436892,10,50,2000,1.conv1,0,CIFAR_ResNet18,class,0.00392156862745098,0.000980392156862745,16,False
9,0.05561734756472094,29.759421887606774,1.2952770132759044,0.056851838230248364,0.4100333707205787,1,147,29.851463367436892,10,50,2000,1.conv1,0,CIFAR_ResNet18,class,0.00392156862745098,0.000980392156862745,16,False
0,0.05150945744514766,30.58981970519842,1.305001723949386,0.04758108656617711,0.25625212322387525,1,312,186.77766835311866,10,50,2000,2.block1,0,CIFAR_ResNet18,class,0.00392156862745098,0.000980392156862745,16,False
1,0.05170985521225307,30.756694050917925,1.2778486813977625,0.04758108656617711,0.25625212322387525,1,312,186.77766835311866,10,50,2000,2.block1,0,CIFAR_ResNet18,class,0.00392156862745098,0.000980392156862745,16,False
2,0.04990859260918439,31.474238774751008,1.3295435176753483,0.04758108656617711,0.25625212322387525,1,312,186.77766835311866,10,50,2000,2.block1,0,CIFAR_ResNet18,class,0.00392156862745098,0.000980392156862745,16,False
3,0.04636822620218691,33.381121481265346,1.3634203967176468,0.04758108656617711,0.25625212322387525,1,312,186.77766835311866,10,50,2000,2.block1,0,CIFAR_ResNet18,class,0.00392156862745098,0.000980392156862745,16,False
4,0.04309517847361204,33.52323315931309,1.3759580102243398,0.04758108656617711,0.25625212322387525,1,312,186.77766835311866,10,50,2000,2.block1,0,CIFAR_ResNet18,class,0.00392156862745098,0.000980392156862745,16,False
5,0.045490301665113794,33.19669737145535,1.364998044247794,0.04758108656617711,0.25625212322387525,1,312,186.77766835311866,10,50,2000,2.block1,0,CIFAR_ResNet18,class,0.00392156862745098,0.000980392156862745,16,False
6,0.05007906553377381,31.217036941840494,1.257264982873656,0.04758108656617711,0.25625212322387525,1,312,186.77766835311866,10,50,2000,2.block1,0,CIFAR_ResNet18,class,0.00392156862745098,0.000980392156862745,16,False
7,0.04714320869916289,32.15722510732943,1.3428685874801787,0.04758108656617711,0.25625212322387525,1,312,186.77766835311866,10,50,2000,2.block1,0,CIFAR_ResNet18,class,0.00392156862745098,0.000980392156862745,16,False
8,0.03788760718260349,36.69897003195486,1.6192974451358382,0.04758108656617711,0.25625212322387525,1,312,186.77766835311866,10,50,2000,2.block1,0,CIFAR_ResNet18,class,0.00392156862745098,0.000980392156862745,16,False
9,0.05864953198168335,29.602474950654027,1.2033243425153606,0.04758108656617711,0.25625212322387525,1,312,186.77766835311866,10,50,2000,2.block1,0,CIFAR_ResNet18,class,0.00392156862745098,0.000980392156862745,16,False
0,0.05980565954643528,28.792541063024053,1.224126448395436,0.04853388821538843,0.20946658066827617,1,320,230.6595349775283,10,50,2000,3.block2,0,CIFAR_ResNet18,class,0.00392156862745098,0.000980392156862745,16,False
1,0.04451727772476988,32.57784971588659,1.2913858371935827,0.04853388821538843,0.20946658066827617,1,320,230.6595349775283,10,50,2000,3.block2,0,CIFAR_ResNet18,class,0.00392156862745098,0.000980392156862745,16,False
2,0.048109117050825,32.45114206195018,1.3112225717050707,0.04853388821538843,0.20946658066827617,1,320,230.6595349775283,10,50,2000,3.block2,0,CIFAR_ResNet18,class,0.00392156862745098,0.000980392156862745,16,False
3,0.04330560136672012,34.30582505250027,1.4103359571712974,0.04853388821538843,0.20946658066827617,1,320,230.6595349775283,10,50,2000,3.block2,0,CIFAR_ResNet18,class,0.00392156862745098,0.000980392156862745,16,False
4,0.041354534397947104,35.32820561421733,1.4892501943853251,0.04853388821538843,0.20946658066827617,1,320,230.6595349775283,10,50,2000,3.block2,0,CIFAR_ResNet18,class,0.00392156862745098,0.000980392156862745,16,False
5,0.043481635217876735,34.81828431599079,1.4432036933419108,0.04853388821538843,0.20946658066827617,1,320,230.6595349775283,10,50,2000,3.block2,0,CIFAR_ResNet18,class,0.00392156862745098,0.000980392156862745,16,False
6,0.05182547637734463,30.492282813482614,1.2681591339766238,0.04853388821538843,0.20946658066827617,1,320,230.6595349775283,10,50,2000,3.block2,0,CIFAR_ResNet18,class,0.00392156862745098,0.000980392156862745,16,False
7,0.051439780707344215,31.259925585065652,1.320774119514945,0.04853388821538843,0.20946658066827617,1,320,230.6595349775283,10,50,2000,3.block2,0,CIFAR_ResNet18,class,0.00392156862745098,0.000980392156862745,16,False
8,0.06309770550823915,27.579281668967344,1.1414766310528779,0.04853388821538843,0.20946658066827617,1,320,230.6595349775283,10,50,2000,3.block2,0,CIFAR_ResNet18,class,0.00392156862745098,0.000980392156862745,16,False
9,0.04713363705828667,32.66226942478775,1.3502975031398896,0.04853388821538843,0.20946658066827617,1,320,230.6595349775283,10,50,2000,3.block2,0,CIFAR_ResNet18,class,0.00392156862745098,0.000980392156862745,16,False
0,0.0659847482556891,26.153307055857965,1.1238278832286823,0.05587800153221353,0.18672543428838106,1,314,205.39221253454699,10,50,2000,4.block3,0,CIFAR_ResNet18,class,0.00392156862745098,0.000980392156862745,16,False
1,0.05542217698706694,29.307623813743756,1.193243143660481,0.05587800153221353,0.18672543428838106,1,314,205.39221253454699,10,50,2000,4.block3,0,CIFAR_ResNet18,class,0.00392156862745098,0.000980392156862745,16,False
2,0.0547985735749891,29.998077019274366,1.275551421579276,0.05587800153221353,0.18672543428838106,1,314,205.39221253454699,10,50,2000,4.block3,0,CIFAR_ResNet18,class,0.00392156862745098,0.000980392156862745,16,False
3,0.046230922683804555,32.644539256103265,1.318169112378262,0.05587800153221353,0.18672543428838106,1,314,205.39221253454699,10,50,2000,4.block3,0,CIFAR_ResNet18,class,0.00392156862745098,0.000980392156862745,16,False
4,0.05870459509187072,28.295955456584704,1.203377202793689,0.05587800153221353,0.18672543428838106,1,314,205.39221253454699,10,50,2000,4.block3,0,CIFAR_ResNet18,class,0.00392156862745098,0.000980392156862745,16,False
5,0.04880240244463027,32.017900731811444,1.334041337388876,0.05587800153221353,0.18672543428838106,1,314,205.39221253454699,10,50,2000,4.block3,0,CIFAR_ResNet18,class,0.00392156862745098,0.000980392156862745,16,False
6,0.051197779420065266,30.487060596737948,1.2221372191889337,0.05587800153221353,0.18672543428838106,1,314,205.39221253454699,10,50,2000,4.block3,0,CIFAR_ResNet18,class,0.00392156862745098,0.000980392156862745,16,False
7,0.06414626145546735,26.54767292891187,1.1224401628132175,0.05587800153221353,0.18672543428838106,1,314,205.39221253454699,10,50,2000,4.block3,0,CIFAR_ResNet18,class,0.00392156862745098,0.000980392156862745,16,False
8,0.06457410625421793,26.56548755695977,1.1432372229434316,0.05587800153221353,0.18672543428838106,1,314,205.39221253454699,10,50,2000,4.block3,0,CIFAR_ResNet18,class,0.00392156862745098,0.000980392156862745,16,False
9,0.05633490555974473,29.911685922710735,1.2458812569316997,0.05587800153221353,0.18672543428838106,1,314,205.39221253454699,10,50,2000,4.block3,0,CIFAR_ResNet18,class,0.00392156862745098,0.000980392156862745,16,False
0,0.4062459618598503,5.591314925389728,0.8640523527519111,0.28100156100366674,0.21143364349881388,1,14,10.541095765071814,10,50,2000,5.block4,0,CIFAR_ResNet18,class,0.00392156862745098,0.000980392156862745,16,False
1,0.2550561862116561,7.946753097254115,0.9501678376096248,0.28100156100366674,0.21143364349881388,1,14,10.541095765071814,10,50,2000,5.block4,0,CIFAR_ResNet18,class,0.00392156862745098,0.000980392156862745,16,False
2,0.26677065012176565,7.43397613544626,0.98970256783699,0.28100156100366674,0.21143364349881388,1,14,10.541095765071814,10,50,2000,5.block4,0,CIFAR_ResNet18,class,0.00392156862745098,0.000980392156862745,16,False
3,0.26807253694581884,7.201738601740917,0.8383927208100299,0.28100156100366674,0.21143364349881388,1,14,10.541095765071814,10,50,2000,5.block4,0,CIFAR_ResNet18,class,0.00392156862745098,0.000980392156862745,16,False
4,0.25672130112952096,7.312708645480151,1.0306351627443615,0.28100156100366674,0.21143364349881388,1,14,10.541095765071814,10,50,2000,5.block4,0,CIFAR_ResNet18,class,0.00392156862745098,0.000980392156862745,16,False
5,0.2513908917123413,7.607167287302756,1.0747389815037174,0.28100156100366674,0.21143364349881388,1,14,10.541095765071814,10,50,2000,5.block4,0,CIFAR_ResNet18,class,0.00392156862745098,0.000980392156862745,16,False
6,0.20327245014322146,7.7601788844724195,1.0680246452238447,0.28100156100366674,0.21143364349881388,1,14,10.541095765071814,10,50,2000,5.block4,0,CIFAR_ResNet18,class,0.00392156862745098,0.000980392156862745,16,False
7,0.32793751374853863,5.848789948636133,0.8850601871512024,0.28100156100366674,0.21143364349881388,1,14,10.541095765071814,10,50,2000,5.block4,0,CIFAR_ResNet18,class,0.00392156862745098,0.000980392156862745,16,False
8,0.407439218556195,5.812950901841566,0.7582186176360699,0.28100156100366674,0.21143364349881388,1,14,10.541095765071814,10,50,2000,5.block4,0,CIFAR_ResNet18,class,0.00392156862745098,0.000980392156862745,16,False
9,0.29158882840929007,6.999992316100028,0.8693167824791134,0.28100156100366674,0.21143364349881388,1,14,10.541095765071814,10,50,2000,5.block4,0,CIFAR_ResNet18,class,0.00392156862745098,0.000980392156862745,16,False
0,0.5115480558478449,3.5104696299306806,0.8484236943127709,0.35869441896018994,0.2512988620334201,1,7,7.424314975738525,10,50,10,6.linear,0,CIFAR_ResNet18,class,0.00392156862745098,0.000980392156862745,16,False
1,0.3584605897986506,4.318359414692182,1.1783234016684176,0.35869441896018994,0.2512988620334201,1,7,7.424314975738525,10,50,10,6.linear,0,CIFAR_ResNet18,class,0.00392156862745098,0.000980392156862745,16,False
2,0.3346422025057454,4.632828442500488,0.996305121499626,0.35869441896018994,0.2512988620334201,1,7,7.424314975738525,10,50,10,6.linear,0,CIFAR_ResNet18,class,0.00392156862745098,0.000980392156862745,16,False
3,0.4098558159812713,4.640313256250513,0.8627416491079584,0.35869441896018994,0.2512988620334201,1,7,7.424314975738525,10,50,10,6.linear,0,CIFAR_ResNet18,class,0.00392156862745098,0.000980392156862745,16,False
4,0.3111073997627386,4.8420193586074305,1.1706779246391066,0.35869441896018994,0.2512988620334201,1,7,7.424314975738525,10,50,10,6.linear,0,CIFAR_ResNet18,class,0.00392156862745098,0.000980392156862745,16,False
5,0.31268858417644907,4.431016669279433,1.084687073427726,0.35869441896018994,0.2512988620334201,1,7,7.424314975738525,10,50,10,6.linear,0,CIFAR_ResNet18,class,0.00392156862745098,0.000980392156862745,16,False
6,0.29515982522187884,4.968883380861509,1.0968489635279313,0.35869441896018994,0.2512988620334201,1,7,7.424314975738525,10,50,10,6.linear,0,CIFAR_ResNet18,class,0.00392156862745098,0.000980392156862745,16,False
7,0.3390213271395929,4.025574752027598,0.9569839113185886,0.35869441896018994,0.2512988620334201,1,7,7.424314975738525,10,50,10,6.linear,0,CIFAR_ResNet18,class,0.00392156862745098,0.000980392156862745,16,False
8,0.5058313951158158,3.643076995323123,0.7943065005813176,0.35869441896018994,0.2512988620334201,1,7,7.424314975738525,10,50,10,6.linear,0,CIFAR_ResNet18,class,0.00392156862745098,0.000980392156862745,16,False
9,0.3356630355142494,4.04793957205284,1.0410592133895475,0.35869441896018994,0.2512988620334201,1,7,7.424314975738525,10,50,10,6.linear,0,CIFAR_ResNet18,class,0.00392156862745098,0.000980392156862745,16,False
0,0.08267115106190623,19.99463425322097,1.205369332129021,0.06093329770139243,0.42613350582661397,2,68,9.57374687378336,10,50,2000,0.pixels,0,CIFAR_ResNet18,class,0.00392156862745098,0.000980392156862745,16,False
1,0.03662847237486311,35.98334505324854,1.6716844344394761,0.06093329770139243,0.42613350582661397,2,68,9.57374687378336,10,50,2000,0.pixels,0,CIFAR_ResNet18,class,0.00392156862745098,0.000980392156862745,16,False
2,0.0502726587209854,29.47710240906024,1.4593580789507323,0.06093329770139243,0.42613350582661397,2,68,9.57374687378336,10,50,2000,0.pixels,0,CIFAR_ResNet18,class,0.00392156862745098,0.000980392156862745,16,False
3,0.05988180611758763,25.807934734224443,1.3376016249318745,0.06093329770139243,0.42613350582661397,2,68,9.57374687378336,10,50,2000,0.pixels,0,CIFAR_ResNet18,class,0.00392156862745098,0.000980392156862745,16,False
4,0.05326875440396786,28.30796816270737,1.4635197212568571,0.06093329770139243,0.42613350582661397,2,68,9.57374687378336,10,50,2000,0.pixels,0,CIFAR_ResNet18,class,0.00392156862745098,0.000980392156862745,16,False
5,0.08665183558023311,20.153729351210874,1.1739525228222523,0.06093329770139243,0.42613350582661397,2,68,9.57374687378336,10,50,2000,0.pixels,0,CIFAR_ResNet18,class,0.00392156862745098,0.000980392156862745,16,False
6,0.05778847807988442,26.316155260718137,1.3212196450287705,0.06093329770139243,0.42613350582661397,2,68,9.57374687378336,10,50,2000,0.pixels,0,CIFAR_ResNet18,class,0.00392156862745098,0.000980392156862745,16,False
7,0.06369194329576944,24.216460975532026,1.2433308392527953,0.06093329770139243,0.42613350582661397,2,68,9.57374687378336,10,50,2000,0.pixels,0,CIFAR_ResNet18,class,0.00392156862745098,0.000980392156862745,16,False
8,0.08191882828212438,20.27681347323275,1.2308609246524274,0.06093329770139243,0.42613350582661397,2,68,9.57374687378336,10,50,2000,0.pixels,0,CIFAR_ResNet18,class,0.00392156862745098,0.000980392156862745,16,False
9,0.07936462150407164,21.63041410901333,1.1902354343849249,0.06093329770139243,0.42613350582661397,2,68,9.57374687378336,10,50,2000,0.pixels,0,CIFAR_ResNet18,class,0.00392156862745098,0.000980392156862745,16,False
0,0.07455747338889068,23.097894849446018,1.1679166450111493,0.057770700300772616,0.41526898230767445,1,147,28.77959731545682,10,50,2000,1.conv1,1,CIFAR_ResNet18,class,0.00392156862745098,0.000980392156862745,16,False
1,0.055159206201066076,28.945981382756898,1.3060524055494145,0.057770700300772616,0.41526898230767445,1,147,28.77959731545682,10,50,2000,1.conv1,1,CIFAR_ResNet18,class,0.00392156862745098,0.000980392156862745,16,False
2,0.04814293008680423,30.24907202551062,1.3590711059453024,0.057770700300772616,0.41526898230767445,1,147,28.77959731545682,10,50,2000,1.conv1,1,CIFAR_ResNet18,class,0.00392156862745098,0.000980392156862745,16,False
3,0.06415712469138848,26.019239101969564,1.257623704584402,0.057770700300772616,0.41526898230767445,1,147,28.77959731545682,10,50,2000,1.conv1,1,CIFAR_ResNet18,class,0.00392156862745098,0.000980392156862745,16,False
4,0.0629536452228833,26.350233984885108,1.3024282219731407,0.057770700300772616,0.41526898230767445,1,147,28.77959731545682,10,50,2000,1.conv1,1,CIFAR_ResNet18,class,0.00392156862745098,0.000980392156862745,16,False
5,0.05946355841674013,26.81554750494483,1.2198081895241084,0.057770700300772616,0.41526898230767445,1,147,28.77959731545682,10,50,2000,1.conv1,1,CIFAR_ResNet18,class,0.00392156862745098,0.000980392156862745,16,False
6,0.054298924199055354,29.52603078174435,1.345939789092357,0.057770700300772616,0.41526898230767445,1,147,28.77959731545682,10,50,2000,1.conv1,1,CIFAR_ResNet18,class,0.00392156862745098,0.000980392156862745,16,False
7,0.056603861967621336,27.87323689172431,1.2791489987609883,0.057770700300772616,0.41526898230767445,1,147,28.77959731545682,10,50,2000,1.conv1,1,CIFAR_ResNet18,class,0.00392156862745098,0.000980392156862745,16,False
8,0.053553044617837574,27.45922535369421,1.3159396613955943,0.057770700300772616,0.41526898230767445,1,147,28.77959731545682,10,50,2000,1.conv1,1,CIFAR_ResNet18,class,0.00392156862745098,0.000980392156862745,16,False
9,0.05636950387541051,28.27146840201284,1.3368527572550857,0.057770700300772616,0.41526898230767445,1,147,28.77959731545682,10,50,2000,1.conv1,1,CIFAR_ResNet18,class,0.00392156862745098,0.000980392156862745,16,False
0,0.043625554961202594,33.95680862849807,1.4371987043646597,0.04329649942965239,0.26937691424654986,2,312,181.0667926012584,10,50,2000,2.block1,1,CIFAR_ResNet18,class,0.00392156862745098,0.000980392156862745,16,False
1,0.042139571696071736,35.16056331778604,1.4399187431673774,0.04329649942965239,0.26937691424654986,2,312,181.0667926012584,10,50,2000,2.block1,1,CIFAR_ResNet18,class,0.00392156862745098,0.000980392156862745,16,False
2,0.037243804466187205,36.66415887582832,1.533510962000081,0.04329649942965239,0.26937691424654986,2,312,181.0667926012584,10,50,2000,2.block1,1,CIFAR_ResNet18,class,0.00392156862745098,0.000980392156862745,16,False
3,0.04645466230288765,33.291618762937084,1.4021684423877647,0.04329649942965239,0.26937691424654986,2,312,181.0667926012584,10,50,2000,2.block1,1,CIFAR_ResNet18,class,0.00392156862745098,0.000980392156862745,16,False
4,0.04185054130798403,34.88677435541776,1.5346298372471785,0.04329649942965239,0.26937691424654986,2,312,181.0667926012584,10,50,2000,2.block1,1,CIFAR_ResNet18,class,0.00392156862745098,0.000980392156862745,16,False
5,0.04379940760519323,33.40669731882711,1.3693294897187034,0.04329649942965239,0.26937691424654986,2,312,181.0667926012584,10,50,2000,2.block1,1,CIFAR_ResNet18,class,0.00392156862745098,0.000980392156862745,16,False
6,0.049973224389504585,32.04362676819698,1.3387787021996216,0.04329649942965239,0.26937691424654986,2,312,181.0667926012584,10,50,2000,2.block1,1,CIFAR_ResNet18,class,0.00392156862745098,0.000980392156862745,16,False
7,0.049554502040897806,31.259713336260216,1.3075347043271048,0.04329649942965239,0.26937691424654986,2,312,181.0667926012584,10,50,2000,2.block1,1,CIFAR_ResNet18,class,0.00392156862745098,0.000980392156862745,16,False
8,0.037913325462250715,35.60957475804969,1.5126253874726487,0.04329649942965239,0.26937691424654986,2,312,181.0667926012584,10,50,2000,2.block1,1,CIFAR_ResNet18,class,0.00392156862745098,0.000980392156862745,16,False
9,0.04416239775898986,33.76332700590965,1.463281368750968,0.04329649942965239,0.26937691424654986,2,312,181.0667926012584,10,50,2000,2.block1,1,CIFAR_ResNet18,class,0.00392156862745098,0.000980392156862745,16,False
0,0.0612739165871657,26.913741199382592,1.1625908411757582,0.047604411803133406,0.2142661497253769,1,320,230.76508587510162,10,50,2000,3.block2,1,CIFAR_ResNet18,class,0.00392156862745098,0.000980392156862745,16,False
1,0.04450570378983115,33.8870470949403,1.3839735461812461,0.047604411803133406,0.2142661497253769,1,320,230.76508587510162,10,50,2000,3.block2,1,CIFAR_ResNet18,class,0.00392156862745098,0.000980392156862745,16,False
2,0.044997147286640185,33.90893561025248,1.3947782375297593,0.047604411803133406,0.2142661497253769,1,320,230.76508587510162,10,50,2000,3.block2,1,CIFAR_ResNet18,class,0.00392156862745098,0.000980392156862745,16,False
3,0.042915998517523375,34.09405721323617,1.3639663517112646,0.047604411803133406,0.2142661497253769,1,320,230.76508587510162,10,50,2000,3.block2,1,CIFAR_ResNet18,class,0.00392156862745098,0.000980392156862745,16,False
4,0.04106063607046507,34.13896977009473,1.410501901670841,0.047604411803133406,0.2142661497253769,1,320,230.76508587510162,10,50,2000,3.block2,1,CIFAR_ResNet18,class,0.00392156862745098,0.000980392156862745,16,False
5,0.043252522493612965,34.04731202014299,1.3519297978998317,0.047604411803133406,0.2142661497253769,1,320,230.76508587510162,10,50,2000,3.block2,1,CIFAR_ResNet18,class,0.00392156862745098,0.000980392156862745,16,False
6,0.05116647211138797,30.992157515647396,1.2598143384463807,0.047604411803133406,0.2142661497253769,1,320,230.76508587510162,10,50,2000,3.block2,1,CIFAR_ResNet18,class,0.00392156862745098,0.000980392156862745,16,False
7,0.05055997720942016,31.166073836821983,1.2678325296824384,0.047604411803133406,0.2142661497253769,1,320,230.76508587510162,10,50,2000,3.block2,1,CIFAR_ResNet18,class,0.00392156862745098,0.000980392156862745,16,False
8,0.0639728801752241,27.040039791232505,1.1536202680190073,0.047604411803133406,0.2142661497253769,1,320,230.76508587510162,10,50,2000,3.block2,1,CIFAR_ResNet18,class,0.00392156862745098,0.000980392156862745,16,False
9,0.04287799811997296,34.79734141823017,1.4645007543643402,0.047604411803133406,0.2142661497253769,1,320,230.76508587510162,10,50,2000,3.block2,1,CIFAR_ResNet18,class,0.00392156862745098,0.000980392156862745,16,False
0,0.0672657715182606,25.700479954010074,1.1270143277838587,0.05586836780957911,0.19190882967904963,1,315,203.53828971623534,10,50,2000,4.block3,1,CIFAR_ResNet18,class,0.00392156862745098,0.000980392156862745,16,False
1,0.05803356158605096,29.31255279753554,1.219121437556809,0.05586836780957911,0.19190882967904963,1,315,203.53828971623534,10,50,2000,4.block3,1,CIFAR_ResNet18,class,0.00392156862745098,0.000980392156862745,16,False
2,0.053840162238823465,30.037857369545435,1.200430695444128,0.05586836780957911,0.19190882967904963,1,315,203.53828971623534,10,50,2000,4.block3,1,CIFAR_ResNet18,class,0.00392156862745098,0.000980392156862745,16,False
3,0.04999311325717144,31.850024800542286,1.3211039257856116,0.05586836780957911,0.19190882967904963,1,315,203.53828971623534,10,50,2000,4.block3,1,CIFAR_ResNet18,class,0.00392156862745098,0.000980392156862745,16,False
4,0.05034978697792521,30.760162331480185,1.2686599766783324,0.05586836780957911,0.19190882967904963,1,315,203.53828971623534,10,50,2000,4.block3,1,CIFAR_ResNet18,class,0.00392156862745098,0.000980392156862745,16,False
5,0.04834593336256411,32.013035913761954,1.3192989790221983,0.05586836780957911,0.19190882967904963,1,315,203.53828971623534,10,50,2000,4.block3,1,CIFAR_ResNet18,class,0.00392156862745098,0.000980392156862745,16,False
6,0.056447758507394086,29.41332607511089,1.2079255761751895,0.05586836780957911,0.19190882967904963,1,315,203.53828971623534,10,50,2000,4.block3,1,CIFAR_ResNet18,class,0.00392156862745098,0.000980392156862745,16,False
7,0.06648554018738556,25.66765735163374,1.1070517008345204,0.05586836780957911,0.19190882967904963,1,315,203.53828971623534,10,50,2000,4.block3,1,CIFAR_ResNet18,class,0.00392156862745098,0.000980392156862745,16,False
8,0.06718196599564591,26.192286982508616,1.1233059417291615,0.05586836780957911,0.19190882967904963,1,315,203.53828971623534,10,50,2000,4.block3,1,CIFAR_ResNet18,class,0.00392156862745098,0.000980392156862745,16,False
9,0.04967345821294374,31.85688048053361,1.2804306650279742,0.05586836780957911,0.19190882967904963,1,315,203.53828971623534,10,50,2000,4.block3,1,CIFAR_ResNet18,class,0.00392156862745098,0.000980392156862745,16,False
0,0.3682732706411397,5.5551401441218795,0.8802213136787275,0.27517040648885177,0.2097007290471888,1,14,10.610704862244907,10,50,2000,5.block4,1,CIFAR_ResNet18,class,0.00392156862745098,0.000980392156862745,16,False
1,0.2264588562620659,8.96648380320809,0.9043811132955388,0.27517040648885177,0.2097007290471888,1,14,10.610704862244907,10,50,2000,5.block4,1,CIFAR_ResNet18,class,0.00392156862745098,0.000980392156862745,16,False
2,0.23071941367619533,7.799996829507756,0.9283947553144338,0.27517040648885177,0.2097007290471888,1,14,10.610704862244907,10,50,2000,5.block4,1,CIFAR_ResNet18,class,0.00392156862745098,0.000980392156862745,16,False
3,0.24944524382711386,7.514301984455651,0.9193207331834179,0.27517040648885177,0.2097007290471888,1,14,10.610704862244907,10,50,2000,5.block4,1,CIFAR_ResNet18,class,0.00392156862745098,0.000980392156862745,16,False
4,0.2606872548439962,7.5609089987901505,0.9895389216791934,0.27517040648885177,0.2097007290471888,1,14,10.610704862244907,10,50,2000,5.block4,1,CIFAR_ResNet18,class,0.00392156862745098,0.000980392156862745,16,False
5,0.22368801327004273,8.44023070828269,0.9005472404964966,0.27517040648885177,0.2097007290471888,1,14,10.610704862244907,10,50,2000,5.block4,1,CIFAR_ResNet18,class,0.00392156862745098,0.000980392156862745,16,False
6,0.2613716810816486,7.70418652225737,1.0388539983475147,0.27517040648885177,0.2097007290471888,1,14,10.610704862244907,10,50,2000,5.block4,1,CIFAR_ResNet18,class,0.00392156862745098,0.000980392156862745,16,False
7,0.3064172668271706,6.260054953249796,0.8813986533277584,0.27517040648885177,0.2097007290471888,1,14,10.610704862244907,10,50,2000,5.block4,1,CIFAR_ResNet18,class,0.00392156862745098,0.000980392156862745,16,False
8,0.40643527296133053,5.7933756165277375,0.7301369700337438,0.27517040648885177,0.2097007290471888,1,14,10.610704862244907,10,50,2000,5.block4,1,CIFAR_ResNet18,class,0.00392156862745098,0.000980392156862745,16,False
9,0.3321896376001147,6.475141629748843,0.8974845100866474,0.27517040648885177,0.2097007290471888,1,14,10.610704862244907,10,50,2000,5.block4,1,CIFAR_ResNet18,class,0.00392156862745098,0.000980392156862745,16,False
0,0.4838285436919329,3.7233614755464166,0.8382490617232474,0.39568534594173577,0.2512988620334201,1,7,7.424314975738525,10,50,10,6.linear,1,CIFAR_ResNet18,class,0.00392156862745098,0.000980392156862745,16,False
1,0.36690260379386236,4.2072096863085955,1.1509742281630109,0.39568534594173577,0.2512988620334201,1,7,7.424314975738525,10,50,10,6.linear,1,CIFAR_ResNet18,class,0.00392156862745098,0.000980392156862745,16,False
2,0.3274637737520159,4.662079710625798,0.9979968333184641,0.39568534594173577,0.2512988620334201,1,7,7.424314975738525,10,50,10,6.linear,1,CIFAR_ResNet18,class,0.00392156862745098,0.000980392156862745,16,False
3,0.481676629646392,3.953180599633605,0.9998408898610395,0.39568534594173577,0.2512988620334201,1,7,7.424314975738525,10,50,10,6.linear,1,CIFAR_ResNet18,class,0.00392156862745098,0.000980392156862745,16,False
4,0.32975767326148653,4.690764898488007,1.1400677064716804,0.39568534594173577,0.2512988620334201,1,7,7.424314975738525,10,50,10,6.linear,1,CIFAR_ResNet18,class,0.00392156862745098,0.000980392156862745,16,False
5,0.3392637498501313,4.752403317118349,1.0640098306323817,0.39568534594173577,0.2512988620334201,1,7,7.424314975738525,10,50,10,6.linear,1,CIFAR_ResNet18,class,0.00392156862745098,0.000980392156862745,16,False
6,0.31246155503730044,4.874240079143655,1.1558273769974685,0.39568534594173577,0.2512988620334201,1,7,7.424314975738525,10,50,10,6.linear,1,CIFAR_ResNet18,class,0.00392156862745098,0.000980392156862745,16,False
7,0.525876495481015,3.725837926399997,0.981015620521834,0.39568534594173577,0.2512988620334201,1,7,7.424314975738525,10,50,10,6.linear,1,CIFAR_ResNet18,class,0.00392156862745098,0.000980392156862745,16,False
8,0.5578442625672323,3.5766974453699607,0.8364622550817937,0.39568534594173577,0.2512988620334201,1,7,7.424314975738525,10,50,10,6.linear,1,CIFAR_ResNet18,class,0.00392156862745098,0.000980392156862745,16,False
9,0.40392616536260206,3.868364999998173,1.0908498702730374,0.39568534594173577,0.2512988620334201,1,7,7.424314975738525,10,50,10,6.linear,1,CIFAR_ResNet18,class,0.00392156862745098,0.000980392156862745,16,False
0,0.08042732290963998,20.56993028042177,1.203273367235252,0.06082368192726632,0.4233276838500831,2,69,9.5728764099891,10,50,2000,0.pixels,1,CIFAR_ResNet18,class,0.00392156862745098,0.000980392156862745,16,False
1,0.04192631176381269,33.14369884698297,1.6056288295605516,0.06082368192726632,0.4233276838500831,2,69,9.5728764099891,10,50,2000,0.pixels,1,CIFAR_ResNet18,class,0.00392156862745098,0.000980392156862745,16,False
2,0.04719770642873535,30.209686627951132,1.4427221187013026,0.06082368192726632,0.4233276838500831,2,69,9.5728764099891,10,50,2000,0.pixels,1,CIFAR_ResNet18,class,0.00392156862745098,0.000980392156862745,16,False
3,0.055647071477465254,26.09131347202835,1.3134237289637156,0.06082368192726632,0.4233276838500831,2,69,9.5728764099891,10,50,2000,0.pixels,1,CIFAR_ResNet18,class,0.00392156862745098,0.000980392156862745,16,False
4,0.055377842974629034,27.98127942741278,1.4096307758795026,0.06082368192726632,0.4233276838500831,2,69,9.5728764099891,10,50,2000,0.pixels,1,CIFAR_ResNet18,class,0.00392156862745098,0.000980392156862745,16,False
5,0.0779593863567119,20.497745870535482,1.1905700920864875,0.06082368192726632,0.4233276838500831,2,69,9.5728764099891,10,50,2000,0.pixels,1,CIFAR_ResNet18,class,0.00392156862745098,0.000980392156862745,16,False
6,0.055751583532382465,26.813845545609304,1.3309879256578134,0.06082368192726632,0.4233276838500831,2,69,9.5728764099891,10,50,2000,0.pixels,1,CIFAR_ResNet18,class,0.00392156862745098,0.000980392156862745,16,False
7,0.07253881616432714,23.397340304854307,1.2217754378293841,0.06082368192726632,0.4233276838500831,2,69,9.5728764099891,10,50,2000,0.pixels,1,CIFAR_ResNet18,class,0.00392156862745098,0.000980392156862745,16,False
8,0.08392856052933009,19.698419188765865,1.1985197544063801,0.06082368192726632,0.4233276838500831,2,69,9.5728764099891,10,50,2000,0.pixels,1,CIFAR_ResNet18,class,0.00392156862745098,0.000980392156862745,16,False
9,0.06923031945635333,22.873048094091235,1.1323689049010142,0.06082368192726632,0.4233276838500831,2,69,9.5728764099891,10,50,2000,0.pixels,1,CIFAR_ResNet18,class,0.00392156862745098,0.000980392156862745,16,False
0,0.06917153738153006,24.175116823179785,1.1468891852154972,0.05542167150811944,0.4215265706704845,1,148,29.903332420490162,10,50,2000,1.conv1,2,CIFAR_ResNet18,class,0.00392156862745098,0.000980392156862745,16,False
1,0.054439784076921335,28.88235294061017,1.3382060422396496,0.05542167150811944,0.4215265706704845,1,148,29.903332420490162,10,50,2000,1.conv1,2,CIFAR_ResNet18,class,0.00392156862745098,0.000980392156862745,16,False
2,0.0483295007573065,29.95872262475934,1.3313379460017634,0.05542167150811944,0.4215265706704845,1,148,29.903332420490162,10,50,2000,1.conv1,2,CIFAR_ResNet18,class,0.00392156862745098,0.000980392156862745,16,False
3,0.059264388450994375,27.093396857830815,1.2470925793134837,0.05542167150811944,0.4215265706704845,1,148,29.903332420490162,10,50,2000,1.conv1,2,CIFAR_ResNet18,class,0.00392156862745098,0.000980392156862745,16,False
4,0.05486599137230946,27.544682421877265,1.2957554532271576,0.05542167150811944,0.4215265706704845,1,148,29.903332420490162,10,50,2000,1.conv1,2,CIFAR_ResNet18,class,0.00392156862745098,0.000980392156862745,16,False
5,0.057760203281066014,27.17145425029015,1.2499051482400159,0.05542167150811944,0.4215265706704845,1,148,29.903332420490162,10,50,2000,1.conv1,2,CIFAR_ResNet18,class,0.00392156862745098,0.000980392156862745,16,False
6,0.05051937409625826,30.016593527683305,1.3369138414644128,0.05542167150811944,0.4215265706704845,1,148,29.903332420490162,10,50,2000,1.conv1,2,CIFAR_ResNet18,class,0.00392156862745098,0.000980392156862745,16,False
7,0.05704644615115453,27.813898325445102,1.2291295149874633,0.05542167150811944,0.4215265706704845,1,148,29.903332420490162,10,50,2000,1.conv1,2,CIFAR_ResNet18,class,0.00392156862745098,0.000980392156862745,16,False
8,0.0542706704226506,27.83637243092571,1.2939745378686818,0.05542167150811944,0.4215265706704845,1,148,29.903332420490162,10,50,2000,1.conv1,2,CIFAR_ResNet18,class,0.00392156862745098,0.000980392156862745,16,False
9,0.05331923388289024,29.994512673129385,1.2693791752922259,0.05542167150811944,0.4215265706704845,1,148,29.903332420490162,10,50,2000,1.conv1,2,CIFAR_ResNet18,class,0.00392156862745098,0.000980392156862745,16,False
0,0.04149673832795647,34.297487735934986,1.4636840469883454,0.041702236023353496,0.2560545465826429,2,312,187.2256880155408,10,50,2000,2.block1,2,CIFAR_ResNet18,class,0.00392156862745098,0.000980392156862745,16,False
1,0.04389601506077357,34.01605113449247,1.4209412298720945,0.041702236023353496,0.2560545465826429,2,312,187.2256880155408,10,50,2000,2.block1,2,CIFAR_ResNet18,class,0.00392156862745098,0.000980392156862745,16,False
2,0.045249019965464245,32.320449408203835,1.3262957465667509,0.041702236023353496,0.2560545465826429,2,312,187.2256880155408,10,50,2000,2.block1,2,CIFAR_ResNet18,class,0.00392156862745098,0.000980392156862745,16,False
3,0.04604137229358633,32.714855873104185,1.359317516373426,0.041702236023353496,0.2560545465826429,2,312,187.2256880155408,10,50,2000,2.block1,2,CIFAR_ResNet18,class,0.00392156862745098,0.000980392156862745,16,False
4,0.03924836679277606,35.24050503027698,1.4737585002318474,0.041702236023353496,0.2560545465826429,2,312,187.2256880155408,10,50,2000,2.block1,2,CIFAR_ResNet18,class,0.00392156862745098,0.000980392156862745,16,False
5,0.03817086592018006,36.07371465859623,1.53167381547204,0.041702236023353496,0.2560545465826429,2,312,187.2256880155408,10,50,2000,2.block1,2,CIFAR_ResNet18,class,0.00392156862745098,0.000980392156862745,16,False
6,0.04670071484935246,32.635982452663555,1.324558673570741,0.041702236023353496,0.2560545465826429,2,312,187.2256880155408,10,50,2000,2.block1,2,CIFAR_ResNet18,class,0.00392156862745098,0.000980392156862745,16,False
7,0.04345853247139502,34.03524656211297,1.3580025266187326,0.041702236023353496,0.2560545465826429,2,312,187.2256880155408,10,50,2000,2.block1,2,CIFAR_ResNet18,class,0.00392156862745098,0.000980392156862745,16,False
8,0.038804388371662966,35.7713280648964,1.482770097727874,0.041702236023353496,0.2560545465826429,2,312,187.2256880155408,10,50,2000,2.block1,2,CIFAR_ResNet18,class,0.00392156862745098,0.000980392156862745,16,False
9,0.03672965925891986,37.99555647918951,1.5770553425151508,0.041702236023353496,0.2560545465826429,2,312,187.2256880155408,10,50,2000,2.block1,2,CIFAR_ResNet18,class,0.00392156862745098,0.000980392156862745,16,False
0,0.05884880682137133,28.577770588111758,1.2352896920078063,0.0479902349483248,0.2094454854177837,1,320,233.00888732157415,10,50,2000,3.block2,2,CIFAR_ResNet18,class,0.00392156862745098,0.000980392156862745,16,False
1,0.04515545068216004,32.854672569698415,1.3244192334312272,0.0479902349483248,0.2094454854177837,1,320,233.00888732157415,10,50,2000,3.block2,2,CIFAR_ResNet18,class,0.00392156862745098,0.000980392156862745,16,False
2,0.047142848283658625,31.92491017775776,1.3152207625477152,0.0479902349483248,0.2094454854177837,1,320,233.00888732157415,10,50,2000,3.block2,2,CIFAR_ResNet18,class,0.00392156862745098,0.000980392156862745,16,False
3,0.043267238254395296,34.615237786109724,1.3726666575979996,0.0479902349483248,0.2094454854177837,1,320,233.00888732157415,10,50,2000,3.block2,2,CIFAR_ResNet18,class,0.00392156862745098,0.000980392156862745,16,False
4,0.03871438228133046,36.24747987825068,1.4874180410111104,0.0479902349483248,0.2094454854177837,1,320,233.00888732157415,10,50,2000,3.block2,2,CIFAR_ResNet18,class,0.00392156862745098,0.000980392156862745,16,False
5,0.04192855015759594,34.689443986264365,1.389777759433676,0.0479902349483248,0.2094454854177837,1,320,233.00888732157415,10,50,2000,3.block2,2,CIFAR_ResNet18,class,0.00392156862745098,0.000980392156862745,16,False
6,0.05226297128993451,30.51946275578205,1.3040655572237712,0.0479902349483248,0.2094454854177837,1,320,233.00888732157415,10,50,2000,3.block2,2,CIFAR_ResNet18,class,0.00392156862745098,0.000980392156862745,16,False
7,0.05186562858509121,31.17726436845107,1.3211789377355756,0.0479902349483248,0.2094454854177837,1,320,233.00888732157415,10,50,2000,3.block2,2,CIFAR_ResNet18,class,0.00392156862745098,0.000980392156862745,16,False
8,0.06177650773495501,26.953155552398815,1.1334493432023136,0.0479902349483248,0.2094454854177837,1,320,233.00888732157415,10,50,2000,3.block2,2,CIFAR_ResNet18,class,0.00392156862745098,0.000980392156862745,16,False
9,0.04847137291583013,32.27655846255829,1.342101376664759,0.0479902349483248,0.2094454854177837,1,320,233.00888732157415,10,50,2000,3.block2,2,CIFAR_ResNet18,class,0.00392156862745098,0.000980392156862745,16,False
0,0.06429890711406684,26.41688026220555,1.1416879106561235,0.05649457991436182,0.17896436848274253,1,314,207.24059643985953,10,50,2000,4.block3,2,CIFAR_ResNet18,class,0.00392156862745098,0.000980392156862745,16,False
1,0.05929295807035328,29.10987582731652,1.2268612768955043,0.05649457991436182,0.17896436848274253,1,314,207.24059643985953,10,50,2000,4.block3,2,CIFAR_ResNet18,class,0.00392156862745098,0.000980392156862745,16,False
2,0.0571796500678538,29.050427644700655,1.241211230322773,0.05649457991436182,0.17896436848274253,1,314,207.24059643985953,10,50,2000,4.block3,2,CIFAR_ResNet18,class,0.00392156862745098,0.000980392156862745,16,False
3,0.048168947755858386,32.479533844494604,1.3503346007503636,0.05649457991436182,0.17896436848274253,1,314,207.24059643985953,10,50,2000,4.block3,2,CIFAR_ResNet18,class,0.00392156862745098,0.000980392156862745,16,False
4,0.051365631623774485,31.421915104396742,1.3156952911535718,0.05649457991436182,0.17896436848274253,1,314,207.24059643985953,10,50,2000,4.block3,2,CIFAR_ResNet18,class,0.00392156862745098,0.000980392156862745,16,False
5,0.04865454573455829,31.634576545117447,1.2862650548447814,0.05649457991436182,0.17896436848274253,1,314,207.24059643985953,10,50,2000,4.block3,2,CIFAR_ResNet18,class,0.00392156862745098,0.000980392156862745,16,False
6,0.05665342946588896,29.29613338893301,1.2352523518670828,0.05649457991436182,0.17896436848274253,1,314,207.24059643985953,10,50,2000,4.block3,2,CIFAR_ResNet18,class,0.00392156862745098,0.000980392156862745,16,False
7,0.06821991640143982,25.74999248297815,1.1230940588461868,0.05649457991436182,0.17896436848274253,1,314,207.24059643985953,10,50,2000,4.block3,2,CIFAR_ResNet18,class,0.00392156862745098,0.000980392156862745,16,False
8,0.06829723913102571,26.048019171601183,1.141526140345478,0.05649457991436182,0.17896436848274253,1,314,207.24059643985953,10,50,2000,4.block3,2,CIFAR_ResNet18,class,0.00392156862745098,0.000980392156862745,16,False
9,0.05163026900871321,30.462748121383182,1.3183815655614606,0.05649457991436182,0.17896436848274253,1,314,207.24059643985953,10,50,2000,4.block3,2,CIFAR_ResNet18,class,0.00392156862745098,0.000980392156862745,16,False
0,0.34727191828465465,5.7642036259950435,0.8090831874256968,0.27130730061681824,0.21294720251299612,1,14,10.537934829790105,10,50,2000,5.block4,2,CIFAR_ResNet18,class,0.00392156862745098,0.000980392156862745,16,False
1,0.27820778104189464,7.5161657427664075,0.9460041234276618,0.27130730061681824,0.21294720251299612,1,14,10.537934829790105,10,50,2000,5.block4,2,CIFAR_ResNet18,class,0.00392156862745098,0.000980392156862745,16,False
2,0.2552226442260668,7.310351529567955,0.9631879185892902,0.27130730061681824,0.21294720251299612,1,14,10.537934829790105,10,50,2000,5.block4,2,CIFAR_ResNet18,class,0.00392156862745098,0.000980392156862745,16,False
3,0.2543311282181245,8.326571111155937,0.890619109199809,0.27130730061681824,0.21294720251299612,1,14,10.537934829790105,10,50,2000,5.block4,2,CIFAR_ResNet18,class,0.00392156862745098,0.000980392156862745,16,False
4,0.21068401883010662,8.053181140903423,1.0016724685495262,0.27130730061681824,0.21294720251299612,1,14,10.537934829790105,10,50,2000,5.block4,2,CIFAR_ResNet18,class,0.00392156862745098,0.000980392156862745,16,False
5,0.23167932529278745,7.85465935139706,1.0779390439169017,0.27130730061681824,0.21294720251299612,1,14,10.537934829790105,10,50,2000,5.block4,2,CIFAR_ResNet18,class,0.00392156862745098,0.000980392156862745,16,False
6,0.2087652952297957,7.759250398449634,0.9895370726134959,0.27130730061681824,0.21294720251299612,1,14,10.537934829790105,10,50,2000,5.block4,2,CIFAR_ResNet18,class,0.00392156862745098,0.000980392156862745,16,False
7,0.3587337294014066,6.275963908625336,0.8936904637320581,0.27130730061681824,0.21294720251299612,1,14,10.537934829790105,10,50,2000,5.block4,2,CIFAR_ResNet18,class,0.00392156862745098,0.000980392156862745,16,False
8,0.42888710072644964,5.59995040375673,0.8452269811527107,0.27130730061681824,0.21294720251299612,1,14,10.537934829790105,10,50,2000,5.block4,2,CIFAR_ResNet18,class,0.00392156862745098,0.000980392156862745,16,False
9,0.28070195349427735,6.969426531208047,0.9306609162227718,0.27130730061681824,0.21294720251299612,1,14,10.537934829790105,10,50,2000,5.block4,2,CIFAR_ResNet18,class,0.00392156862745098,0.000980392156862745,16,False
0,0.361165698180378,3.580050593567033,0.814576524330618,0.3559681257471178,0.2512988620334201,1,7,7.424314975738525,10,50,10,6.linear,2,CIFAR_ResNet18,class,0.00392156862745098,0.000980392156862745,16,False
1,0.32954983575895974,4.53946689488199,1.1239007180637521,0.3559681257471178,0.2512988620334201,1,7,7.424314975738525,10,50,10,6.linear,2,CIFAR_ResNet18,class,0.00392156862745098,0.000980392156862745,16,False
2,0.3395816493790566,4.592765965478673,1.002249551691159,0.3559681257471178,0.2512988620334201,1,7,7.424314975738525,10,50,10,6.linear,2,CIFAR_ResNet18,class,0.00392156862745098,0.000980392156862745,16,False
3,0.38739407660147634,4.677220943002692,0.9022700585249542,0.3559681257471178,0.2512988620334201,1,7,7.424314975738525,10,50,10,6.linear,2,CIFAR_ResNet18,class,0.00392156862745098,0.000980392156862745,16,False
4,0.3355989691018655,4.793889956116846,1.0772506476652364,0.3559681257471178,0.2512988620334201,1,7,7.424314975738525,10,50,10,6.linear,2,CIFAR_ResNet18,class,0.00392156862745098,0.000980392156862745,16,False
5,0.3320185871111996,4.5292988769076095,1.1229335360709471,0.3559681257471178,0.2512988620334201,1,7,7.424314975738525,10,50,10,6.linear,2,CIFAR_ResNet18,class,0.00392156862745098,0.000980392156862745,16,False
6,0.26987580044454845,4.8157041921933015,1.09346625855425,0.3559681257471178,0.2512988620334201,1,7,7.424314975738525,10,50,10,6.linear,2,CIFAR_ResNet18,class,0.00392156862745098,0.000980392156862745,16,False
7,0.47276491263618436,3.6517590245489693,0.9640973887763545,0.3559681257471178,0.2512988620334201,1,7,7.424314975738525,10,50,10,6.linear,2,CIFAR_ResNet18,class,0.00392156862745098,0.000980392156862745,16,False
8,0.469059858215078,3.690346143622591,0.8167155027665204,0.3559681257471178,0.2512988620334201,1,7,7.424314975738525,10,50,10,6.linear,2,CIFAR_ResNet18,class,0.00392156862745098,0.000980392156862745,16,False
9,0.3547580433918663,4.253128949200546,1.0099647268994747,0.3559681257471178,0.2512988620334201,1,7,7.424314975738525,10,50,10,6.linear,2,CIFAR_ResNet18,class,0.00392156862745098,0.000980392156862745,16,False
0,0.07699611933943719,21.51762777619312,1.2158305225936057,0.0634811329941264,0.41054968381053936,2,70,9.80031346067952,10,50,2000,0.pixels,2,CIFAR_ResNet18,class,0.00392156862745098,0.000980392156862745,16,False
1,0.0664847504017746,25.091202548757845,1.342910487416947,0.0634811329941264,0.41054968381053936,2,70,9.80031346067952,10,50,2000,0.pixels,2,CIFAR_ResNet18,class,0.00392156862745098,0.000980392156862745,16,False
2,0.05533587220632076,27.818995246385285,1.4595979029682324,0.0634811329941264,0.41054968381053936,2,70,9.80031346067952,10,50,2000,0.pixels,2,CIFAR_ResNet18,class,0.00392156862745098,0.000980392156862745,16,False
3,0.04858199124807402,30.142824824033692,1.5206573929198952,0.0634811329941264,0.41054968381053936,2,70,9.80031346067952,10,50,2000,0.pixels,2,CIFAR_ResNet18,class,0.00392156862745098,0.000980392156862745,16,False
4,0.055855334404727786,26.74382673858683,1.393924145383931,0.0634811329941264,0.41054968381053936,2,70,9.80031346067952,10,50,2000,0.pixels,2,CIFAR_ResNet18,class,0.00392156862745098,0.000980392156862745,16,False
5,0.07058615970720461,24.00751702405031,1.2971352401479688,0.0634811329941264,0.41054968381053936,2,70,9.80031346067952,10,50,2000,0.pixels,2,CIFAR_ResNet18,class,0.00392156862745098,0.000980392156862745,16,False
6,0.05946783199078058,26.717895463257683,1.371927676255822,0.0634811329941264,0.41054968381053936,2,70,9.80031346067952,10,50,2000,0.pixels,2,CIFAR_ResNet18,class,0.00392156862745098,0.000980392156862745,16,False
7,0.0643498599281305,24.357110416354054,1.2266899997503387,0.0634811329941264,0.41054968381053936,2,70,9.80031346067952,10,50,2000,0.pixels,2,CIFAR_ResNet18,class,0.00392156862745098,0.000980392156862745,16,False
8,0.08959483361400723,18.63366457209546,1.0679466822818013,0.0634811329941264,0.41054968381053936,2,70,9.80031346067952,10,50,2000,0.pixels,2,CIFAR_ResNet18,class,0.00392156862745098,0.000980392156862745,16,False
9,0.06555016352426933,23.95577051448275,1.2317999434273244,0.0634811329941264,0.41054968381053936,2,70,9.80031346067952,10,50,2000,0.pixels,2,CIFAR_ResNet18,class,0.00392156862745098,0.000980392156862745,16,False
0,0.06734361480749335,23.723785201035604,1.1399423088498397,0.05756159008987681,0.43284251254212847,1,147,29.473295285987863,10,50,2000,1.conv1,3,CIFAR_ResNet18,class,0.00392156862745098,0.000980392156862745,16,False
1,0.0541547184444368,29.15276819442379,1.3339659733685854,0.05756159008987681,0.43284251254212847,1,147,29.473295285987863,10,50,2000,1.conv1,3,CIFAR_ResNet18,class,0.00392156862745098,0.000980392156862745,16,False
2,0.05088094094210319,29.929728805142442,1.4047796313149286,0.05756159008987681,0.43284251254212847,1,147,29.473295285987863,10,50,2000,1.conv1,3,CIFAR_ResNet18,class,0.00392156862745098,0.000980392156862745,16,False
3,0.06600655002989664,25.37992683213947,1.3173064541991109,0.05756159008987681,0.43284251254212847,1,147,29.473295285987863,10,50,2000,1.conv1,3,CIFAR_ResNet18,class,0.00392156862745098,0.000980392156862745,16,False
4,0.05604215536246163,27.396345087647717,1.287165353947593,0.05756159008987681,0.43284251254212847,1,147,29.473295285987863,10,50,2000,1.conv1,3,CIFAR_ResNet18,class,0.00392156862745098,0.000980392156862745,16,False
5,0.06137928278197291,26.505366307805584,1.2165699439759114,0.05756159008987681,0.43284251254212847,1,147,29.473295285987863,10,50,2000,1.conv1,3,CIFAR_ResNet18,class,0.00392156862745098,0.000980392156862745,16,False
6,0.054549101473522654,29.041725117482574,1.433446674442507,0.05756159008987681,0.43284251254212847,1,147,29.473295285987863,10,50,2000,1.conv1,3,CIFAR_ResNet18,class,0.00392156862745098,0.000980392156862745,16,False
7,0.057992920751919565,28.031762286981415,1.2121861691157174,0.05756159008987681,0.43284251254212847,1,147,29.473295285987863,10,50,2000,1.conv1,3,CIFAR_ResNet18,class,0.00392156862745098,0.000980392156862745,16,False
8,0.05701315245165192,26.533384437546037,1.2635934058223364,0.05756159008987681,0.43284251254212847,1,147,29.473295285987863,10,50,2000,1.conv1,3,CIFAR_ResNet18,class,0.00392156862745098,0.000980392156862745,16,False
9,0.054474726746285576,29.22502999427988,1.2541756225730019,0.05756159008987681,0.43284251254212847,1,147,29.473295285987863,10,50,2000,1.conv1,3,CIFAR_ResNet18,class,0.00392156862745098,0.000980392156862745,16,False
0,0.047752884716029696,30.96559430889898,1.2745513759926765,0.04695076941172637,0.2637397039354199,1,312,188.22322725819657,10,50,2000,2.block1,3,CIFAR_ResNet18,class,0.00392156862745098,0.000980392156862745,16,False
1,0.05130249277740435,31.47928555305546,1.2940038571751749,0.04695076941172637,0.2637397039354199,1,312,188.22322725819657,10,50,2000,2.block1,3,CIFAR_ResNet18,class,0.00392156862745098,0.000980392156862745,16,False
2,0.050208330994008364,31.503696220759803,1.3228925973947219,0.04695076941172637,0.2637397039354199,1,312,188.22322725819657,10,50,2000,2.block1,3,CIFAR_ResNet18,class,0.00392156862745098,0.000980392156862745,16,False
3,0.048323673987974956,32.644019678885606,1.4214363369300032,0.04695076941172637,0.2637397039354199,1,312,188.22322725819657,10,50,2000,2.block1,3,CIFAR_ResNet18,class,0.00392156862745098,0.000980392156862745,16,False
4,0.04360415936456008,33.836195492055744,1.3776852119384604,0.04695076941172637,0.2637397039354199,1,312,188.22322725819657,10,50,2000,2.block1,3,CIFAR_ResNet18,class,0.00392156862745098,0.000980392156862745,16,False
5,0.043224302277761154,34.028662001597034,1.399398778034517,0.04695076941172637,0.2637397039354199,1,312,188.22322725819657,10,50,2000,2.block1,3,CIFAR_ResNet18,class,0.00392156862745098,0.000980392156862745,16,False
6,0.054377024070706964,30.52475541427938,1.3268040670577486,0.04695076941172637,0.2637397039354199,1,312,188.22322725819657,10,50,2000,2.block1,3,CIFAR_ResNet18,class,0.00392156862745098,0.000980392156862745,16,False
7,0.04706797057815253,32.85722430164597,1.307382204633074,0.04695076941172637,0.2637397039354199,1,312,188.22322725819657,10,50,2000,2.block1,3,CIFAR_ResNet18,class,0.00392156862745098,0.000980392156862745,16,False
8,0.035437111073050004,37.25843166617312,1.587592112105314,0.04695076941172637,0.2637397039354199,1,312,188.22322725819657,10,50,2000,2.block1,3,CIFAR_ResNet18,class,0.00392156862745098,0.000980392156862745,16,False
9,0.05549033347397304,29.880694534230994,1.1897678106625345,0.04695076941172637,0.2637397039354199,1,312,188.22322725819657,10,50,2000,2.block1,3,CIFAR_ResNet18,class,0.00392156862745098,0.000980392156862745,16,False
0,0.05575366088828747,30.16822681306343,1.2816165181885684,0.047062504011404487,0.2096603871380185,1,320,230.67295286652077,10,50,2000,3.block2,3,CIFAR_ResNet18,class,0.00392156862745098,0.000980392156862745,16,False
1,0.0547824899302337,30.180136833228094,1.2707745931209966,0.047062504011404487,0.2096603871380185,1,320,230.67295286652077,10,50,2000,3.block2,3,CIFAR_ResNet18,class,0.00392156862745098,0.000980392156862745,16,False
2,0.04731724060324648,31.66967560449286,1.317610955442793,0.047062504011404487,0.2096603871380185,1,320,230.67295286652077,10,50,2000,3.block2,3,CIFAR_ResNet18,class,0.00392156862745098,0.000980392156862745,16,False
3,0.041216153378175246,34.68920497483723,1.3926513566691263,0.047062504011404487,0.2096603871380185,1,320,230.67295286652077,10,50,2000,3.block2,3,CIFAR_ResNet18,class,0.00392156862745098,0.000980392156862745,16,False
4,0.04536841851710595,32.823326572090444,1.3276834615687247,0.047062504011404487,0.2096603871380185,1,320,230.67295286652077,10,50,2000,3.block2,3,CIFAR_ResNet18,class,0.00392156862745098,0.000980392156862745,16,False
5,0.04299062196260686,34.12504590374202,1.4162365335937386,0.047062504011404487,0.2096603871380185,1,320,230.67295286652077,10,50,2000,3.block2,3,CIFAR_ResNet18,class,0.00392156862745098,0.000980392156862745,16,False
6,0.04841665279093791,31.492348680862513,1.2869913007968046,0.047062504011404487,0.2096603871380185,1,320,230.67295286652077,10,50,2000,3.block2,3,CIFAR_ResNet18,class,0.00392156862745098,0.000980392156862745,16,False
7,0.045970971205279834,32.51852780688812,1.270402437278211,0.047062504011404487,0.2096603871380185,1,320,230.67295286652077,10,50,2000,3.block2,3,CIFAR_ResNet18,class,0.00392156862745098,0.000980392156862745,16,False
8,0.04114618595766616,34.57053985789303,1.4180275190268665,0.047062504011404487,0.2096603871380185,1,320,230.67295286652077,10,50,2000,3.block2,3,CIFAR_ResNet18,class,0.00392156862745098,0.000980392156862745,16,False
9,0.05295514968136467,30.30381233710483,1.242171921636969,0.047062504011404487,0.2096603871380185,1,320,230.67295286652077,10,50,2000,3.block2,3,CIFAR_ResNet18,class,0.00392156862745098,0.000980392156862745,16,False
0,0.06259102396733052,26.969559291863003,1.132220808337386,0.054453500460435934,0.17760095026514824,1,314,205.5545633979832,10,50,2000,4.block3,3,CIFAR_ResNet18,class,0.00392156862745098,0.000980392156862745,16,False
1,0.05679284244669373,29.440309058314114,1.2252744015234083,0.054453500460435934,0.17760095026514824,1,314,205.5545633979832,10,50,2000,4.block3,3,CIFAR_ResNet18,class,0.00392156862745098,0.000980392156862745,16,False
2,0.05558207013975668,29.62308822942985,1.2408058279999903,0.054453500460435934,0.17760095026514824,1,314,205.5545633979832,10,50,2000,4.block3,3,CIFAR_ResNet18,class,0.00392156862745098,0.000980392156862745,16,False
3,0.04565492507957629,33.553764020788925,1.3577021884587612,0.054453500460435934,0.17760095026514824,1,314,205.5545633979832,10,50,2000,4.block3,3,CIFAR_ResNet18,class,0.00392156862745098,0.000980392156862745,16,False
4,0.04825528595047444,30.930472849389666,1.274315068120085,0.054453500460435934,0.17760095026514824,1,314,205.5545633979832,10,50,2000,4.block3,3,CIFAR_ResNet18,class,0.00392156862745098,0.000980392156862745,16,False
5,0.05013920315877182,30.879016734970598,1.2777563541729762,0.054453500460435934,0.17760095026514824,1,314,205.5545633979832,10,50,2000,4.block3,3,CIFAR_ResNet18,class,0.00392156862745098,0.000980392156862745,16,False
6,0.05835060604277389,28.796342242285256,1.2095139972985312,0.054453500460435934,0.17760095026514824,1,314,205.5545633979832,10,50,2000,4.block3,3,CIFAR_ResNet18,class,0.00392156862745098,0.000980392156862745,16,False
7,0.06377885633191734,26.128358646825077,1.1178243878695193,0.054453500460435934,0.17760095026514824,1,314,205.5545633979832,10,50,2000,4.block3,3,CIFAR_ResNet18,class,0.00392156862745098,0.000980392156862745,16,False
8,0.062033614980148304,26.986013398085696,1.1409558983164607,0.054453500460435934,0.17760095026514824,1,314,205.5545633979832,10,50,2000,4.block3,3,CIFAR_ResNet18,class,0.00392156862745098,0.000980392156862745,16,False
9,0.048641350559809206,31.441457368767,1.2876884528334585,0.054453500460435934,0.17760095026514824,1,314,205.5545633979832,10,50,2000,4.block3,3,CIFAR_ResNet18,class,0.00392156862745098,0.000980392156862745,16,False
0,0.3578854562118581,5.675071328274705,0.7680940079320977,0.2666453141571413,0.21223735060146628,1,14,10.497740193144832,10,50,2000,5.block4,3,CIFAR_ResNet18,class,0.00392156862745098,0.000980392156862745,16,False
1,0.26490306755997817,7.432616230041157,1.0103347139986896,0.2666453141571413,0.21223735060146628,1,14,10.497740193144832,10,50,2000,5.block4,3,CIFAR_ResNet18,class,0.00392156862745098,0.000980392156862745,16,False
2,0.24486532764467234,7.703969800487198,0.9251537247013158,0.2666453141571413,0.21223735060146628,1,14,10.497740193144832,10,50,2000,5.block4,3,CIFAR_ResNet18,class,0.00392156862745098,0.000980392156862745,16,False
3,0.2358772218461802,8.286958025716569,0.8135017384715495,0.2666453141571413,0.21223735060146628,1,14,10.497740193144832,10,50,2000,5.block4,3,CIFAR_ResNet18,class,0.00392156862745098,0.000980392156862745,16,False
4,0.24443909176355985,7.965441572518711,0.946305744631266,0.2666453141571413,0.21223735060146628,1,14,10.497740193144832,10,50,2000,5.block4,3,CIFAR_ResNet18,class,0.00392156862745098,0.000980392156862745,16,False
5,0.2531834400256231,7.936131365807484,0.9909763704143076,0.2666453141571413,0.21223735060146628,1,14,10.497740193144832,10,50,2000,5.block4,3,CIFAR_ResNet18,class,0.00392156862745098,0.000980392156862745,16,False
6,0.22646096792705894,8.241670306352832,0.9805336133499601,0.2666453141571413,0.21223735060146628,1,14,10.497740193144832,10,50,2000,5.block4,3,CIFAR_ResNet18,class,0.00392156862745098,0.000980392156862745,16,False
7,0.29683576618620194,6.445015577898981,0.8676964854544613,0.2666453141571413,0.21223735060146628,1,14,10.497740193144832,10,50,2000,5.block4,3,CIFAR_ResNet18,class,0.00392156862745098,0.000980392156862745,16,False
8,0.3608224850172256,5.812654532955108,0.7133684862967232,0.2666453141571413,0.21223735060146628,1,14,10.497740193144832,10,50,2000,5.block4,3,CIFAR_ResNet18,class,0.00392156862745098,0.000980392156862745,16,False
9,0.24914743876832715,7.552429510187711,1.0340271476928986,0.2666453141571413,0.21223735060146628,1,14,10.497740193144832,10,50,2000,5.block4,3,CIFAR_ResNet18,class,0.00392156862745098,0.000980392156862745,16,False
0,0.4928110697704257,3.8037158387392003,0.8043918477127406,0.3732488518911317,0.2512988620334201,1,7,7.424314975738525,10,50,10,6.linear,3,CIFAR_ResNet18,class,0.00392156862745098,0.000980392156862745,16,False
1,0.4007930112467698,4.29403527238241,1.0922199734306648,0.3732488518911317,0.2512988620334201,1,7,7.424314975738525,10,50,10,6.linear,3,CIFAR_ResNet18,class,0.00392156862745098,0.000980392156862745,16,False
2,0.2735542277125592,4.733804791264104,1.01578412714427,0.3732488518911317,0.2512988620334201,1,7,7.424314975738525,10,50,10,6.linear,3,CIFAR_ResNet18,class,0.00392156862745098,0.000980392156862745,16,False
3,0.38286404101207255,4.871979775360159,0.8906700586253355,0.3732488518911317,0.2512988620334201,1,7,7.424314975738525,10,50,10,6.linear,3,CIFAR_ResNet18,class,0.00392156862745098,0.000980392156862745,16,False
4,0.3100955167369976,4.530216002513104,1.1259950637230083,0.3732488518911317,0.2512988620334201,1,7,7.424314975738525,10,50,10,6.linear,3,CIFAR_ResNet18,class,0.00392156862745098,0.000980392156862745,16,False
5,0.3676811809159617,4.847183068971574,1.0435478873062465,0.3732488518911317,0.2512988620334201,1,7,7.424314975738525,10,50,10,6.linear,3,CIFAR_ResNet18,class,0.00392156862745098,0.000980392156862745,16,False
6,0.3423631086538431,4.513429290481517,1.2049533366376166,0.3732488518911317,0.2512988620334201,1,7,7.424314975738525,10,50,10,6.linear,3,CIFAR_ResNet18,class,0.00392156862745098,0.000980392156862745,16,False
7,0.46876412696228176,3.44701608148315,0.9618377126511758,0.3732488518911317,0.2512988620334201,1,7,7.424314975738525,10,50,10,6.linear,3,CIFAR_ResNet18,class,0.00392156862745098,0.000980392156862745,16,False
8,0.5236499389733704,3.618817665659888,0.8188786827380998,0.3732488518911317,0.2512988620334201,1,7,7.424314975738525,10,50,10,6.linear,3,CIFAR_ResNet18,class,0.00392156862745098,0.000980392156862745,16,False
9,0.3234471572796146,4.08960172879493,1.0297708368379686,0.3732488518911317,0.2512988620334201,1,7,7.424314975738525,10,50,10,6.linear,3,CIFAR_ResNet18,class,0.00392156862745098,0.000980392156862745,16,False
0,0.07429379136336905,21.26079557000999,1.2899004245636772,0.0620644334568292,0.417422124955937,2,70,10.348063530243177,10,50,2000,0.pixels,3,CIFAR_ResNet18,class,0.00392156862745098,0.000980392156862745,16,False
1,0.06063437807191522,25.73407412403717,1.3186009903040916,0.0620644334568292,0.417422124955937,2,70,10.348063530243177,10,50,2000,0.pixels,3,CIFAR_ResNet18,class,0.00392156862745098,0.000980392156862745,16,False
2,0.05106133217322422,29.27308774145269,1.4419578306251781,0.0620644334568292,0.417422124955937,2,70,10.348063530243177,10,50,2000,0.pixels,3,CIFAR_ResNet18,class,0.00392156862745098,0.000980392156862745,16,False
3,0.04481202089005689,30.982831766515627,1.5865324894292148,0.0620644334568292,0.417422124955937,2,70,10.348063530243177,10,50,2000,0.pixels,3,CIFAR_ResNet18,class,0.00392156862745098,0.000980392156862745,16,False
4,0.054379725915297265,27.380525595584587,1.3910901631000958,0.0620644334568292,0.417422124955937,2,70,10.348063530243177,10,50,2000,0.pixels,3,CIFAR_ResNet18,class,0.00392156862745098,0.000980392156862745,16,False
5,0.06915546392638587,22.78770296452346,1.3351665445702574,0.0620644334568292,0.417422124955937,2,70,10.348063530243177,10,50,2000,0.pixels,3,CIFAR_ResNet18,class,0.00392156862745098,0.000980392156862745,16,False
6,0.05779386307656806,26.90648630993161,1.3519963598059872,0.0620644334568292,0.417422124955937,2,70,10.348063530243177,10,50,2000,0.pixels,3,CIFAR_ResNet18,class,0.00392156862745098,0.000980392156862745,16,False
7,0.07121874720368641,23.055535304775553,1.2524727230614023,0.0620644334568292,0.417422124955937,2,70,10.348063530243177,10,50,2000,0.pixels,3,CIFAR_ResNet18,class,0.00392156862745098,0.000980392156862745,16,False
8,0.09530390731676396,17.825064896439443,1.1175753583577492,0.0620644334568292,0.417422124955937,2,70,10.348063530243177,10,50,2000,0.pixels,3,CIFAR_ResNet18,class,0.00392156862745098,0.000980392156862745,16,False
9,0.0685658318385785,23.757763951685927,1.2003357531373071,0.0620644334568292,0.417422124955937,2,70,10.348063530243177,10,50,2000,0.pixels,3,CIFAR_ResNet18,class,0.00392156862745098,0.000980392156862745,16,False
0,0.06959261847335522,23.24292044488765,1.2240009147071733,0.05666467621498442,0.4247246077784945,1,148,29.802098464656314,10,50,2000,1.conv1,4,CIFAR_ResNet18,class,0.00392156862745098,0.000980392156862745,16,False
1,0.05232640244930428,29.01608371639563,1.2954244295968884,0.05666467621498442,0.4247246077784945,1,148,29.802098464656314,10,50,2000,1.conv1,4,CIFAR_ResNet18,class,0.00392156862745098,0.000980392156862745,16,False
2,0.05326068375909067,29.37798685905807,1.405736174488157,0.05666467621498442,0.4247246077784945,1,148,29.802098464656314,10,50,2000,1.conv1,4,CIFAR_ResNet18,class,0.00392156862745098,0.000980392156862745,16,False
3,0.06406152934592646,26.181485777604095,1.2131976942886973,0.05666467621498442,0.4247246077784945,1,148,29.802098464656314,10,50,2000,1.conv1,4,CIFAR_ResNet18,class,0.00392156862745098,0.000980392156862745,16,False
4,0.05703735194574856,27.477086292542026,1.3095995452419864,0.05666467621498442,0.4247246077784945,1,148,29.802098464656314,10,50,2000,1.conv1,4,CIFAR_ResNet18,class,0.00392156862745098,0.000980392156862745,16,False
5,0.05648482948276424,27.634686572928373,1.2307175788365154,0.05666467621498442,0.4247246077784945,1,148,29.802098464656314,10,50,2000,1.conv1,4,CIFAR_ResNet18,class,0.00392156862745098,0.000980392156862745,16,False
6,0.04972891633004097,30.304563309498434,1.317893576902294,0.05666467621498442,0.4247246077784945,1,148,29.802098464656314,10,50,2000,1.conv1,4,CIFAR_ResNet18,class,0.00392156862745098,0.000980392156862745,16,False
7,0.059234470845778216,27.748485853183414,1.2521795308250072,0.05666467621498442,0.4247246077784945,1,148,29.802098464656314,10,50,2000,1.conv1,4,CIFAR_ResNet18,class,0.00392156862745098,0.000980392156862745,16,False
8,0.059228094023572306,25.922129692395384,1.3007603292074612,0.05666467621498442,0.4247246077784945,1,148,29.802098464656314,10,50,2000,1.conv1,4,CIFAR_ResNet18,class,0.00392156862745098,0.000980392156862745,16,False
9,0.05128241350270485,29.781796132279492,1.3437855524762081,0.05666467621498442,0.4247246077784945,1,148,29.802098464656314,10,50,2000,1.conv1,4,CIFAR_ResNet18,class,0.00392156862745098,0.000980392156862745,16,False
0,0.0498246460916607,30.4586549812943,1.3047388505014683,0.04679182271392612,0.2523858979485917,1,311,187.50300919653057,10,50,2000,2.block1,4,CIFAR_ResNet18,class,0.00392156862745098,0.000980392156862745,16,False
1,0.04894287881059681,31.249726072465165,1.2794921144972582,0.04679182271392612,0.2523858979485917,1,311,187.50300919653057,10,50,2000,2.block1,4,CIFAR_ResNet18,class,0.00392156862745098,0.000980392156862745,16,False
2,0.051855589516537466,30.723670588409696,1.3685552181400629,0.04679182271392612,0.2523858979485917,1,311,187.50300919653057,10,50,2000,2.block1,4,CIFAR_ResNet18,class,0.00392156862745098,0.000980392156862745,16,False
3,0.04632202625746748,33.36127906714805,1.3518792223966778,0.04679182271392612,0.2523858979485917,1,311,187.50300919653057,10,50,2000,2.block1,4,CIFAR_ResNet18,class,0.00392156862745098,0.000980392156862745,16,False
4,0.0455628490886111,33.04110753662558,1.3816725298147376,0.04679182271392612,0.2523858979485917,1,311,187.50300919653057,10,50,2000,2.block1,4,CIFAR_ResNet18,class,0.00392156862745098,0.000980392156862745,16,False
5,0.042775764002980665,34.09537310583596,1.3840298131459357,0.04679182271392612,0.2523858979485917,1,311,187.50300919653057,10,50,2000,2.block1,4,CIFAR_ResNet18,class,0.00392156862745098,0.000980392156862745,16,False
6,0.04798636188954186,32.0603501912205,1.2774035623468545,0.04679182271392612,0.2523858979485917,1,311,187.50300919653057,10,50,2000,2.block1,4,CIFAR_ResNet18,class,0.00392156862745098,0.000980392156862745,16,False
7,0.048586302316154274,32.537904802289276,1.3111695383089224,0.04679182271392612,0.2523858979485917,1,311,187.50300919653057,10,50,2000,2.block1,4,CIFAR_ResNet18,class,0.00392156862745098,0.000980392156862745,16,False
8,0.036039770559883916,37.16509087240941,1.599818555394702,0.04679182271392612,0.2523858979485917,1,311,187.50300919653057,10,50,2000,2.block1,4,CIFAR_ResNet18,class,0.00392156862745098,0.000980392156862745,16,False
9,0.05604087569558706,28.914463403915295,1.2180181190892982,0.04679182271392612,0.2523858979485917,1,311,187.50300919653057,10,50,2000,2.block1,4,CIFAR_ResNet18,class,0.00392156862745098,0.000980392156862745,16,False
0,0.06096166632931363,27.71218520493475,1.1528512158566582,0.048270992389208615,0.20450295831831858,1,320,232.54249907004237,10,50,2000,3.block2,4,CIFAR_ResNet18,class,0.00392156862745098,0.000980392156862745,16,False
1,0.04557036696454194,33.17193924478061,1.3858176968333449,0.048270992389208615,0.20450295831831858,1,320,232.54249907004237,10,50,2000,3.block2,4,CIFAR_ResNet18,class,0.00392156862745098,0.000980392156862745,16,False
2,0.04506892389660679,33.38759334524662,1.4234174108686801,0.048270992389208615,0.20450295831831858,1,320,232.54249907004237,10,50,2000,3.block2,4,CIFAR_ResNet18,class,0.00392156862745098,0.000980392156862745,16,False
3,0.041909414803282787,34.33829940857208,1.3904853598279507,0.048270992389208615,0.20450295831831858,1,320,232.54249907004237,10,50,2000,3.block2,4,CIFAR_ResNet18,class,0.00392156862745098,0.000980392156862745,16,False
4,0.04738335989130513,33.45408388314595,1.40719842621222,0.048270992389208615,0.20450295831831858,1,320,232.54249907004237,10,50,2000,3.block2,4,CIFAR_ResNet18,class,0.00392156862745098,0.000980392156862745,16,False
5,0.04273208819746329,34.06338517851796,1.3989294009811628,0.048270992389208615,0.20450295831831858,1,320,232.54249907004237,10,50,2000,3.block2,4,CIFAR_ResNet18,class,0.00392156862745098,0.000980392156862745,16,False
6,0.048594316124132765,31.096448180505238,1.2589559258292504,0.048270992389208615,0.20450295831831858,1,320,232.54249907004237,10,50,2000,3.block2,4,CIFAR_ResNet18,class,0.00392156862745098,0.000980392156862745,16,False
7,0.052571500990460845,30.789429668484026,1.2531169764922263,0.048270992389208615,0.20450295831831858,1,320,232.54249907004237,10,50,2000,3.block2,4,CIFAR_ResNet18,class,0.00392156862745098,0.000980392156862745,16,False
8,0.06244877170231829,27.03374482301839,1.1708236664428247,0.048270992389208615,0.20450295831831858,1,320,232.54249907004237,10,50,2000,3.block2,4,CIFAR_ResNet18,class,0.00392156862745098,0.000980392156862745,16,False
9,0.044155483575942574,34.113080395163685,1.4322410355201798,0.048270992389208615,0.20450295831831858,1,320,232.54249907004237,10,50,2000,3.block2,4,CIFAR_ResNet18,class,0.00392156862745098,0.000980392156862745,16,False
0,0.07088850131783868,25.033249127902714,1.1243122569815809,0.05373753605431907,0.18204872630523414,1,314,206.9216756922209,10,50,2000,4.block3,4,CIFAR_ResNet18,class,0.00392156862745098,0.000980392156862745,16,False
1,0.050279927672327494,30.926291166953916,1.2303296411965439,0.05373753605431907,0.18204872630523414,1,314,206.9216756922209,10,50,2000,4.block3,4,CIFAR_ResNet18,class,0.00392156862745098,0.000980392156862745,16,False
2,0.055862607356633544,29.427701082067394,1.2615811908536436,0.05373753605431907,0.18204872630523414,1,314,206.9216756922209,10,50,2000,4.block3,4,CIFAR_ResNet18,class,0.00392156862745098,0.000980392156862745,16,False
3,0.04620752805482231,32.69115287574397,1.3281721683372447,0.05373753605431907,0.18204872630523414,1,314,206.9216756922209,10,50,2000,4.block3,4,CIFAR_ResNet18,class,0.00392156862745098,0.000980392156862745,16,False
4,0.05278320447549282,30.400141234141763,1.26366911494162,0.05373753605431907,0.18204872630523414,1,314,206.9216756922209,10,50,2000,4.block3,4,CIFAR_ResNet18,class,0.00392156862745098,0.000980392156862745,16,False
5,0.04360838264135912,33.537789010227705,1.365713928637832,0.05373753605431907,0.18204872630523414,1,314,206.9216756922209,10,50,2000,4.block3,4,CIFAR_ResNet18,class,0.00392156862745098,0.000980392156862745,16,False
6,0.055868992663499886,29.21010197950477,1.217185683660334,0.05373753605431907,0.18204872630523414,1,314,206.9216756922209,10,50,2000,4.block3,4,CIFAR_ResNet18,class,0.00392156862745098,0.000980392156862745,16,False
7,0.061963662224504265,26.796110243758275,1.1155877627643864,0.05373753605431907,0.18204872630523414,1,314,206.9216756922209,10,50,2000,4.block3,4,CIFAR_ResNet18,class,0.00392156862745098,0.000980392156862745,16,False
8,0.05921437492371082,27.277789026563244,1.1351917505011464,0.05373753605431907,0.18204872630523414,1,314,206.9216756922209,10,50,2000,4.block3,4,CIFAR_ResNet18,class,0.00392156862745098,0.000980392156862745,16,False
9,0.05063367023749946,31.3324066283379,1.2864147931124228,0.05373753605431907,0.18204872630523414,1,314,206.9216756922209,10,50,2000,4.block3,4,CIFAR_ResNet18,class,0.00392156862745098,0.000980392156862745,16,False
0,0.3868104585260779,5.6879915152650025,0.8665560879909439,0.2828242389968451,0.20656816174331888,1,14,10.644484465743439,10,50,2000,5.block4,4,CIFAR_ResNet18,class,0.00392156862745098,0.000980392156862745,16,False
1,0.26052180342701986,7.3586937207200815,0.9707377396213291,0.2828242389968451,0.20656816174331888,1,14,10.644484465743439,10,50,2000,5.block4,4,CIFAR_ResNet18,class,0.00392156862745098,0.000980392156862745,16,False
2,0.29954859671347667,7.661219503158074,0.9452102178840127,0.2828242389968451,0.20656816174331888,1,14,10.644484465743439,10,50,2000,5.block4,4,CIFAR_ResNet18,class,0.00392156862745098,0.000980392156862745,16,False
3,0.28515632128267177,7.280388917083262,0.859656557545524,0.2828242389968451,0.20656816174331888,1,14,10.644484465743439,10,50,2000,5.block4,4,CIFAR_ResNet18,class,0.00392156862745098,0.000980392156862745,16,False
4,0.2343571225938532,8.273151223254178,1.0146963870376946,0.2828242389968451,0.20656816174331888,1,14,10.644484465743439,10,50,2000,5.block4,4,CIFAR_ResNet18,class,0.00392156862745098,0.000980392156862745,16,False
5,0.21165229819791925,8.117159956557693,1.016785257525279,0.2828242389968451,0.20656816174331888,1,14,10.644484465743439,10,50,2000,5.block4,4,CIFAR_ResNet18,class,0.00392156862745098,0.000980392156862745,16,False
6,0.2695466964317465,7.555793190806871,0.9946823459455011,0.2828242389968451,0.20656816174331888,1,14,10.644484465743439,10,50,2000,5.block4,4,CIFAR_ResNet18,class,0.00392156862745098,0.000980392156862745,16,False
7,0.29880095335083995,6.817921667241396,0.8481949521409974,0.2828242389968451,0.20656816174331888,1,14,10.644484465743439,10,50,2000,5.block4,4,CIFAR_ResNet18,class,0.00392156862745098,0.000980392156862745,16,False
8,0.3501375078115598,5.8767803413183435,0.6914958131953755,0.2828242389968451,0.20656816174331888,1,14,10.644484465743439,10,50,2000,5.block4,4,CIFAR_ResNet18,class,0.00392156862745098,0.000980392156862745,16,False
9,0.3140345799056536,6.768477356027374,1.0179783438616066,0.2828242389968451,0.20656816174331888,1,14,10.644484465743439,10,50,2000,5.block4,4,CIFAR_ResNet18,class,0.00392156862745098,0.000980392156862745,16,False
0,0.5755776245449394,3.459328194370293,0.7877235620850225,0.381658021500029,0.2512988620334201,1,7,7.424314975738525,10,50,10,6.linear,4,CIFAR_ResNet18,class,0.00392156862745098,0.000980392156862745,16,False
1,0.35696754366174194,4.1881061362976615,1.1962442420046586,0.381658021500029,0.2512988620334201,1,7,7.424314975738525,10,50,10,6.linear,4,CIFAR_ResNet18,class,0.00392156862745098,0.000980392156862745,16,False
2,0.3090233791318952,4.7882346761708945,1.0466686023095546,0.381658021500029,0.2512988620334201,1,7,7.424314975738525,10,50,10,6.linear,4,CIFAR_ResNet18,class,0.00392156862745098,0.000980392156862745,16,False
3,0.4290321562323449,4.582208877457053,0.9279539637684638,0.381658021500029,0.2512988620334201,1,7,7.424314975738525,10,50,10,6.linear,4,CIFAR_ResNet18,class,0.00392156862745098,0.000980392156862745,16,False
4,0.3034511220252821,4.730939443354272,1.0822618624284717,0.381658021500029,0.2512988620334201,1,7,7.424314975738525,10,50,10,6.linear,4,CIFAR_ResNet18,class,0.00392156862745098,0.000980392156862745,16,False
5,0.3679560415716688,4.635506516785648,1.0718252435883724,0.381658021500029,0.2512988620334201,1,7,7.424314975738525,10,50,10,6.linear,4,CIFAR_ResNet18,class,0.00392156862745098,0.000980392156862745,16,False
6,0.2925978592927292,5.126853450397095,1.1072862122563079,0.381658021500029,0.2512988620334201,1,7,7.424314975738525,10,50,10,6.linear,4,CIFAR_ResNet18,class,0.00392156862745098,0.000980392156862745,16,False
7,0.4370861914433742,3.5778406640190195,0.9285303543721222,0.381658021500029,0.2512988620334201,1,7,7.424314975738525,10,50,10,6.linear,4,CIFAR_ResNet18,class,0.00392156862745098,0.000980392156862745,16,False
8,0.5468923622475848,3.4903072147736305,0.7762764092730814,0.381658021500029,0.2512988620334201,1,7,7.424314975738525,10,50,10,6.linear,4,CIFAR_ResNet18,class,0.00392156862745098,0.000980392156862745,16,False
9,0.39235894486634326,3.8409640254503024,1.1588226170349507,0.381658021500029,0.2512988620334201,1,7,7.424314975738525,10,50,10,6.linear,4,CIFAR_ResNet18,class,0.00392156862745098,0.000980392156862745,16,False
0,0.0941120532197403,17.762696176071056,1.1566353573811097,0.06799576287666013,0.4290014400332418,1,69,9.380731474124692,10,50,2000,0.pixels,4,CIFAR_ResNet18,class,0.00392156862745098,0.000980392156862745,16,False
1,0.07071078840435606,23.720694063088168,1.2518478474704087,0.06799576287666013,0.4290014400332418,1,69,9.380731474124692,10,50,2000,0.pixels,4,CIFAR_ResNet18,class,0.00392156862745098,0.000980392156862745,16,False
2,0.04944178755634678,28.33341052778507,1.4806450320488869,0.06799576287666013,0.4290014400332418,1,69,9.380731474124692,10,50,2000,0.pixels,4,CIFAR_ResNet18,class,0.00392156862745098,0.000980392156862745,16,False
3,0.06220271045177959,25.263273219354986,1.3115963145350722,0.06799576287666013,0.4290014400332418,1,69,9.380731474124692,10,50,2000,0.pixels,4,CIFAR_ResNet18,class,0.00392156862745098,0.000980392156862745,16,False
4,0.06581408494815721,24.121072616327652,1.3460881319494717,0.06799576287666013,0.4290014400332418,1,69,9.380731474124692,10,50,2000,0.pixels,4,CIFAR_ResNet18,class,0.00392156862745098,0.000980392156862745,16,False
5,0.07460987619714675,21.2105432483156,1.193421672787844,0.06799576287666013,0.4290014400332418,1,69,9.380731474124692,10,50,2000,0.pixels,4,CIFAR_ResNet18,class,0.00392156862745098,0.000980392156862745,16,False
6,0.05835297032219464,26.920717574273933,1.3260560581625285,0.06799576287666013,0.4290014400332418,1,69,9.380731474124692,10,50,2000,0.pixels,4,CIFAR_ResNet18,class,0.00392156862745098,0.000980392156862745,16,False
7,0.06949473493165895,23.81125063364759,1.2837813695952383,0.06799576287666013,0.4290014400332418,1,69,9.380731474124692,10,50,2000,0.pixels,4,CIFAR_ResNet18,class,0.00392156862745098,0.000980392156862745,16,False
8,0.06850359640042337,22.825088806302045,1.2835160545200885,0.06799576287666013,0.4290014400332418,1,69,9.380731474124692,10,50,2000,0.pixels,4,CIFAR_ResNet18,class,0.00392156862745098,0.000980392156862745,16,False
9,0.08868268770586611,20.755135361687728,1.153706958865707,0.06799576287666013,0.4290014400332418,1,69,9.380731474124692,10,50,2000,0.pixels,4,CIFAR_ResNet18,class,0.00392156862745098,0.000980392156862745,16,False
